{
  "driver_name": "unknown",
  "num_segments": 2,
  "objectives": [
    "f3",
    "efficiency",
    "passband_flatness"
  ],
  "hf_cutoff": 2000.0,
  "pop_size": 40,
  "n_generations": 20,
  "pareto_size": 27,
  "opt_metadata": {
    "algorithm": "NSGA-II",
    "pop_size": 40,
    "n_generations": 20,
    "n_evaluations": 800,
    "n_pareto_designs": 27,
    "convergence": {
      "n_evals": 800,
      "final_pop_size": 27
    }
  },
  "pareto_front": [
    [
      20.000000000000004,
      -0.00010795697063456459,
      15.819426482857086
    ],
    [
      20.000000000000004,
      -4.412587714533953e-05,
      14.81421015130081
    ],
    [
      20.000000000000004,
      -0.00011087517085643169,
      15.834609937587013
    ],
    [
      20.000000000000004,
      -0.0002530518705038487,
      16.094991529861392
    ],
    [
      20.000000000000004,
      -3.3270514913616294e-05,
      14.072326970225436
    ],
    [
      20.000000000000004,
      -0.00030126743670993403,
      16.095171064041732
    ],
    [
      20.000000000000004,
      -4.6006285776561696e-05,
      14.81957032760109
    ],
    [
      20.000000000000004,
      -0.0003018632295055827,
      16.136716130673975
    ],
    [
      20.000000000000004,
      -0.0001103356697596054,
      15.829115633599049
    ],
    [
      20.000000000000004,
      -3.750817877849582e-05,
      14.53534836796458
    ],
    [
      20.000000000000004,
      -0.0012007009274839025,
      16.1785981363627
    ],
    [
      20.000000000000004,
      -5.195636152406998e-05,
      14.958219579043186
    ],
    [
      20.000000000000004,
      -0.00433817233784139,
      16.373220085996355
    ],
    [
      20.000000000000004,
      -3.773936256138927e-05,
      14.578563686892725
    ],
    [
      20.000000000000004,
      -0.00010038824975126504,
      15.74086358755573
    ],
    [
      20.000000000000004,
      -5.349640466026175e-05,
      14.977713015886138
    ],
    [
      20.000000000000004,
      -0.004509756336143427,
      16.68039077015849
    ],
    [
      20.000000000000004,
      -3.67436978438514e-05,
      14.517647248666046
    ],
    [
      20.000000000000004,
      -0.00023156014243692585,
      15.857197846106368
    ],
    [
      20.000000000000004,
      -4.959657450754314e-05,
      14.832520169657059
    ],
    [
      20.000000000000004,
      -0.0003018632295055827,
      16.136716130673975
    ],
    [
      20.000000000000004,
      -3.1452534886528356e-05,
      14.044253082736011
    ],
    [
      20.000000000000004,
      -3.3868478122417e-05,
      14.165635225553572
    ],
    [
      20.000000000000004,
      -3.838137126417829e-05,
      14.603939498286989
    ],
    [
      20.000000000000004,
      -3.744173035909463e-05,
      14.525637662565572
    ],
    [
      20.000000000000004,
      -0.00010061018005294169,
      15.781123677301666
    ],
    [
      20.000000000000004,
      -3.363646710885281e-05,
      14.088449628873564
    ]
  ],
  "pareto_designs": [
    [
      0.0007475440794577392,
      0.039628202360239784,
      0.0479021924925217,
      0.3287151031220288,
      0.5981839445425534,
      0.7015049487252379,
      0.5630226230963036,
      0.7905881745623567,
      0.8504059825894041,
      1.3667134982158627e-07,
      1.1770517834823955e-05
    ],
    [
      0.0007495818074251673,
      0.039844383401211304,
      0.04363729713277982,
      0.20455501920964006,
      0.5940685504132298,
      1.1192109345927042,
      0.3692440944147261,
      0.5361102445211156,
      0.8421399117436376,
      2.3123982274261098e-07,
      1.1720712681095123e-05
    ],
    [
      0.0007475440794577392,
      0.0396256687451236,
      0.04790809619139694,
      0.3310918843415666,
      0.5981839445425534,
      0.7015177939481041,
      0.0036332058888393637,
      0.7905881745623567,
      0.8504059825894041,
      1.5193758772451043e-07,
      1.1769912286346083e-05
    ],
    [
      0.0007474326169120797,
      0.03963310448992532,
      0.04684378700129197,
      0.3933714423047623,
      0.5938807781256664,
      0.972174728361514,
      0.4442133215958204,
      0.7695342048514845,
      0.8499087513213458,
      2.561560696216399e-07,
      1.1831509054363787e-05
    ],
    [
      0.0007473724419185762,
      0.03984578284550555,
      0.04389358547123551,
      0.15278686466275435,
      0.5990980911771294,
      1.1089541373985905,
      0.3656242413463864,
      0.55079470194878,
      0.8809784636164957,
      4.3631975163732466e-08,
      1.1587222430468137e-05
    ],
    [
      0.0007474323845589111,
      0.03963310232124336,
      0.046870396689177085,
      0.3933714423047623,
      0.5982035591960011,
      0.9577971229980021,
      0.4442133215958204,
      0.7854091325598123,
      0.8499087513213458,
      3.5843438359561735e-07,
      1.1831509054363787e-05
    ],
    [
      0.0007498279735781304,
      0.03984495607264886,
      0.04424353406162334,
      0.20838875968375356,
      0.5963764390263276,
      0.6672114830408832,
      0.3692526942247196,
      0.5351124247145946,
      0.8535059849365781,
      1.581677474912965e-07,
      1.2307211115694873e-05
    ],
    [
      0.0007474323845589111,
      0.03963310232124336,
      0.046870396689177085,
      0.3933714423047623,
      0.5982035591960011,
      0.9577971229980021,
      0.4442133215958204,
      0.7854091325598123,
      0.8499087513213458,
      1.5268694707108213e-06,
      1.1831509054363787e-05
    ],
    [
      0.0007497535601253569,
      0.03962438707212988,
      0.04792126881709531,
      0.3308698758493363,
      0.5981533887664102,
      0.6884241695986619,
      0.6493566214766909,
      0.7876994059769076,
      0.8503951366562964,
      8.5345233338044e-08,
      1.17664125587887e-05
    ],
    [
      0.0006636731926737552,
      0.039868971411851355,
      0.043584027368019286,
      0.18326742873569535,
      0.5935678984034094,
      1.0783559742405262,
      0.34700327081356375,
      0.55079470194878,
      0.8825806278833606,
      1.3429468113056712e-07,
      1.210528740462346e-05
    ],
    [
      0.0007473724419185762,
      0.03984578281418552,
      0.04389358547123551,
      0.4195739412596936,
      0.599286533222552,
      1.1089541373985905,
      0.3656242413463864,
      0.55079470194878,
      0.871112769110862,
      7.805875286209111e-07,
      1.1587222430468137e-05
    ],
    [
      0.0007475145306499602,
      0.03984578284550555,
      0.04324026159987387,
      0.21773181029761468,
      0.5962076781730105,
      1.1084511246384325,
      0.3692440944147261,
      0.5353654384538014,
      0.8727418438369434,
      1.581677474912965e-07,
      1.1548503871905165e-05
    ],
    [
      0.0007498319483827775,
      0.03957787239727696,
      0.04378607991084244,
      0.5069078412605902,
      0.5805250857551632,
      0.6879202379863161,
      0.35550720992226825,
      0.5592271907177689,
      0.8335688596090676,
      6.610496634264659e-08,
      1.2305414246148754e-05
    ],
    [
      0.0006427958809997519,
      0.03906705510016716,
      0.04363566088504511,
      0.18130394169601502,
      0.5986964606937366,
      1.1127503529722471,
      0.5800368258606002,
      0.5742461246886529,
      0.8241427936301813,
      1.6055876967728224e-07,
      1.1550936068887097e-05
    ],
    [
      0.0007473933519307751,
      0.03956019346071704,
      0.0479021924925217,
      0.32232292356336056,
      0.5981839445425534,
      0.7015049487252379,
      0.5790498253469497,
      0.7905881745623567,
      0.8504059825894041,
      1.3667134982158627e-07,
      1.2415869305304036e-05
    ],
    [
      0.0007419396839509063,
      0.03984578284550555,
      0.04321436840614091,
      0.21986707485427548,
      0.5967728290665423,
      1.1669553275691393,
      0.34506214372075483,
      0.55079470194878,
      0.8825806278833606,
      1.5386069353742758e-07,
      1.155473889404419e-05
    ],
    [
