{
  "success": true,
  "n_designs_found": 5,
  "pareto_front": [
    {
      "parameters": {
        "throat_area": 0.02084835334378104,
        "middle_area": 0.1894537022349846,
        "mouth_area": 1.4564589128259562,
        "length1": 1.7624654323809748,
        "length2": 2.7869552719498376,
        "V_tc": 1.191534134688278e-05,
        "V_rc": 0.012641944357092066
      },
      "objectives": {
        "f3_deviation": 7.187221074895163,
        "flatness": 10.48602663017681
      },
      "constraints": {
        "continuity": -0.16860534889120354,
        "flare_limits": -1.5396186871860391,
        "throat_sizing": 0.0,
        "max_displacement": 0.0
      }
    },
    {
      "parameters": {
        "throat_area": 0.015226603276853459,
        "middle_area": 0.38365312230328735,
        "mouth_area": 0.7148866653454349,
        "length1": 1.8714632095277206,
        "length2": 2.201119835210468,
        "V_tc": 1.0475325005589866e-06,
        "V_rc": 0.014334414529374149
      },
      "objectives": {
        "f3_deviation": 8.642997909052657,
        "flatness": 10.369814875002772
      },
      "constraints": {
        "continuity": -0.3312335430421475,
        "flare_limits": -0.12238520311705536,
        "throat_sizing": 0.0,
        "max_displacement": 0.0
      }
    },
    {
      "parameters": {
        "throat_area": 0.017285655838774307,
        "middle_area": 0.25799361284906974,
        "mouth_area": 1.3748313958959013,
        "length1": 2.05621736346356,
        "length2": 2.0445255523465784,
        "V_tc": 1.321281260149895e-05,
        "V_rc": 0.019812323729007722
      },
      "objectives": {
        "f3_deviation": 3.3741630392510586,
        "flatness": 11.052827736573867
      },
      "constraints": {
        "continuity": -0.24070795701029543,
        "flare_limits": -1.1731515531992465,
        "throat_sizing": 0.0,
        "max_displacement": 0.0
      }
    },
    {
      "parameters": {
        "throat_area": 0.015552063541538015,
        "middle_area": 0.18445152812211318,
        "mouth_area": 1.103536091668221,
        "length1": 2.397403470369401,
        "length2": 2.2833027592675443,
        "V_tc": 1.9397620307323323e-05,
        "V_rc": 0.010577952852794772
      },
      "objectives": {
        "f3_deviation": 6.960907733911171,
        "flatness": 10.824657126906201
      },
      "constraints": {
        "continuity": -0.16889946458057517,
        "flare_limits": -1.2888882229449155,
        "throat_sizing": 0.0,
        "max_displacement": 0.0
      }
    },
    {
      "parameters": {
        "throat_area": 0.012174533471696735,
        "middle_area": 0.10843164922089027,
        "mouth_area": 0.5644135521242143,
        "length1": 2.9605060339160088,
        "length2": 2.6769546877557735,
        "V_tc": 3.400528758546505e-06,
        "V_rc": 0.0180462185736624
      },
      "objectives": {
        "f3_deviation": 13.394779169056633,
        "flatness": 7.518458044704033
      },
      "constraints": {
        "continuity": -0.09625711574919353,
        "flare_limits": -1.1496672178760803,
        "throat_sizing": 0.0,
        "max_displacement": 0.0
      }
    }
  ],
  "best_designs": [
    {
      "parameters": {
        "throat_area": 0.017285655838774307,
        "middle_area": 0.25799361284906974,
        "mouth_area": 1.3748313958959013,
        "length1": 2.05621736346356,
        "length2": 2.0445255523465784,
        "V_tc": 1.321281260149895e-05,
        "V_rc": 0.019812323729007722
      },
      "objectives": {
        "f3_deviation": 3.3741630392510586,
        "flatness": 11.052827736573867
      },
      "constraints": {
        "continuity": -0.24070795701029543,
        "flare_limits": -1.1731515531992465,
        "throat_sizing": 0.0,
        "max_displacement": 0.0
      }
    },
    {
      "parameters": {
        "throat_area": 0.015552063541538015,
        "middle_area": 0.18445152812211318,
        "mouth_area": 1.103536091668221,
        "length1": 2.397403470369401,
        "length2": 2.2833027592675443,
        "V_tc": 1.9397620307323323e-05,
        "V_rc": 0.010577952852794772
      },
      "objectives": {
        "f3_deviation": 6.960907733911171,
        "flatness": 10.824657126906201
      },
      "constraints": {
        "continuity": -0.16889946458057517,
        "flare_limits": -1.2888882229449155,
        "throat_sizing": 0.0,
        "max_displacement": 0.0
      }
    },
    {
      "parameters": {
        "throat_area": 0.02084835334378104,
        "middle_area": 0.1894537022349846,
        "mouth_area": 1.4564589128259562,
        "length1": 1.7624654323809748,
        "length2": 2.7869552719498376,
        "V_tc": 1.191534134688278e-05,
        "V_rc": 0.012641944357092066
      },
      "objectives": {
        "f3_deviation": 7.187221074895163,
        "flatness": 10.48602663017681
      },
      "constraints": {
        "continuity": -0.16860534889120354,
        "flare_limits": -1.5396186871860391,
        "throat_sizing": 0.0,
        "max_displacement": 0.0
      }
    },
    {
      "parameters": {
        "throat_area": 0.015226603276853459,
        "middle_area": 0.38365312230328735,
        "mouth_area": 0.7148866653454349,
        "length1": 1.8714632095277206,
        "length2": 2.201119835210468,
        "V_tc": 1.0475325005589866e-06,
        "V_rc": 0.014334414529374149
      },
      "objectives": {
        "f3_deviation": 8.642997909052657,
        "flatness": 10.369814875002772
      },
      "constraints": {
        "continuity": -0.3312335430421475,
        "flare_limits": -0.12238520311705536,
        "throat_sizing": 0.0,
        "max_displacement": 0.0
      }
    },
    {
      "parameters": {
        "throat_area": 0.012174533471696735,
        "middle_area": 0.10843164922089027,
        "mouth_area": 0.5644135521242143,
        "length1": 2.9605060339160088,
        "length2": 2.6769546877557735,
        "V_tc": 3.400528758546505e-06,
        "V_rc": 0.0180462185736624
      },
      "objectives": {
        "f3_deviation": 13.394779169056633,
        "flatness": 7.518458044704033
      },
      "constraints": {
        "continuity": -0.09625711574919353,
        "flare_limits": -1.1496672178760803,
        "throat_sizing": 0.0,
        "max_displacement": 0.0
      }
    }
  ],
  "parameter_names": [
    "throat_area",
    "middle_area",
    "mouth_area",
    "length1",
    "length2",
    "V_tc",
    "V_rc"
  ],
  "objective_names": [
    "f3_deviation",
    "flatness"
  ],
  "optimization_metadata": {
    "algorithm": "nsga2",
    "pop_size": 10,
    "n_generations": 1,
    "driver": "BC_8NDL51",
    "enclosure_type": "multisegment_horn",
    "objectives": [
      "f3_deviation",
      "flatness"
    ],
    "timestamp": "2025-12-31T16:48:54.875472"
  },
  "convergence_info": {},
  "warnings": []
}