{
  "success": true,
  "n_designs_found": 1,
  "pareto_front": [
    {
      "parameters": {
        "throat_area": 0.02108301656240392,
        "middle_area": 0.4798710275513801,
        "mouth_area": 0.8300185675355363,
        "length1": 2.988038303298546,
        "length2": 2.208154747419221,
        "V_tc": 1.9407289135881743e-05,
        "V_rc": 0.01490066313265407
      },
      "objectives": {
        "flatness": 8.459706759828723
      },
      "constraints": {
        "continuity": -0.35014753998415615,
        "flare_limits": -0.047930695868848905,
        "throat_sizing": 0.0,
        "max_displacement": 0.0
      }
    }
  ],
  "best_designs": [
    {
      "parameters": {
        "throat_area": 0.02108301656240392,
        "middle_area": 0.4798710275513801,
        "mouth_area": 0.8300185675355363,
        "length1": 2.988038303298546,
        "length2": 2.208154747419221,
        "V_tc": 1.9407289135881743e-05,
        "V_rc": 0.01490066313265407
      },
      "objectives": {
        "flatness": 8.459706759828723
      },
      "constraints": {
        "continuity": -0.35014753998415615,
        "flare_limits": -0.047930695868848905,
        "throat_sizing": 0.0,
        "max_displacement": 0.0
      }
    }
  ],
  "parameter_names": [
    "throat_area",
    "middle_area",
    "mouth_area",
    "length1",
    "length2",
    "V_tc",
    "V_rc"
  ],
  "objective_names": [
    "flatness"
  ],
  "optimization_metadata": {
    "algorithm": "nsga2",
    "pop_size": 10,
    "n_generations": 1,
    "driver": "BC_8NDL51",
    "enclosure_type": "multisegment_horn",
    "objectives": [
      "flatness"
    ],
    "timestamp": "2025-12-31T16:31:47.031068"
  },
  "convergence_info": {},
  "warnings": []
}