{
  "success": true,
  "n_designs_found": 2,
  "pareto_front": [
    {
      "parameters": {
        "throat_area": 0.01991649189397898,
        "middle_area": 0.14150090984934766,
        "mouth_area": 0.45219877168782296,
        "length1": 2.684552234311682,
        "length2": 2.227899252390347,
        "V_tc": 2.616362858784619e-06,
        "V_rc": 0.01518933163207951
      },
      "objectives": {
        "efficiency": -18.475161423239708,
        "flatness": 8.46348527278477
      },
      "constraints": {
        "continuity": -0.12158441795536867,
        "flare_limits": -0.6618156964439226,
        "throat_sizing": 0.0,
        "max_displacement": 0.0,
        "f3_max": -72.37316415007885
      }
    },
    {
      "parameters": {
        "throat_area": 0.018470221987888523,
        "middle_area": 0.07951761087118721,
        "mouth_area": 1.3263883450463698,
        "length1": 2.3290874033646554,
        "length2": 2.632111166626459,
        "V_tc": 1.9846409349053853e-05,
        "V_rc": 0.019649307559162252
      },
      "objectives": {
        "efficiency": -24.877232521180385,
        "flatness": 9.404233176256268
      },
      "constraints": {
        "continuity": -0.061047388883298685,
        "flare_limits": -0.9598187045463071,
        "throat_sizing": 0.0,
        "max_displacement": 0.0,
        "f3_max": -68.63151475728893
      }
    }
  ],
  "best_designs": [
    {
      "parameters": {
        "throat_area": 0.018470221987888523,
        "middle_area": 0.07951761087118721,
        "mouth_area": 1.3263883450463698,
        "length1": 2.3290874033646554,
        "length2": 2.632111166626459,
        "V_tc": 1.9846409349053853e-05,
        "V_rc": 0.019649307559162252
      },
      "objectives": {
        "efficiency": -24.877232521180385,
        "flatness": 9.404233176256268
      },
      "constraints": {
        "continuity": -0.061047388883298685,
        "flare_limits": -0.9598187045463071,
        "throat_sizing": 0.0,
        "max_displacement": 0.0,
        "f3_max": -68.63151475728893
      }
    },
    {
      "parameters": {
        "throat_area": 0.01991649189397898,
        "middle_area": 0.14150090984934766,
        "mouth_area": 0.45219877168782296,
        "length1": 2.684552234311682,
        "length2": 2.227899252390347,
        "V_tc": 2.616362858784619e-06,
        "V_rc": 0.01518933163207951
      },
      "objectives": {
        "efficiency": -18.475161423239708,
        "flatness": 8.46348527278477
      },
      "constraints": {
        "continuity": -0.12158441795536867,
        "flare_limits": -0.6618156964439226,
        "throat_sizing": 0.0,
        "max_displacement": 0.0,
        "f3_max": -72.37316415007885
      }
    }
  ],
  "parameter_names": [
    "throat_area",
    "middle_area",
    "mouth_area",
    "length1",
    "length2",
    "V_tc",
    "V_rc"
  ],
  "objective_names": [
    "efficiency",
    "flatness"
  ],
  "optimization_metadata": {
    "algorithm": "nsga2",
    "pop_size": 10,
    "n_generations": 1,
    "driver": "BC_8NDL51",
    "enclosure_type": "multisegment_horn",
    "objectives": [
      "efficiency",
      "flatness"
    ],
    "timestamp": "2025-12-31T16:29:48.220778"
  },
  "convergence_info": {},
  "warnings": []
}