{
  "success": true,
  "n_designs_found": 1,
  "pareto_front": [
    {
      "parameters": {
        "throat_area": 0.01458960084179891,
        "middle_area": 0.40442087086701634,
        "mouth_area": 1.324438220474018,
        "length1": 1.8217117067373885,
        "length2": 1.6717284367937433,
        "V_tc": 1.9402241385593004e-05,
        "V_rc": 0.014578611417952681
      },
      "objectives": {
        "efficiency": -24.03895637710774
      },
      "constraints": {
        "continuity": -0.38983127002521745,
        "flare_limits": -0.6862875686875127,
        "throat_sizing": 0.0,
        "max_displacement": 0.0
      }
    }
  ],
  "best_designs": [
    {
      "parameters": {
        "throat_area": 0.01458960084179891,
        "middle_area": 0.40442087086701634,
        "mouth_area": 1.324438220474018,
        "length1": 1.8217117067373885,
        "length2": 1.6717284367937433,
        "V_tc": 1.9402241385593004e-05,
        "V_rc": 0.014578611417952681
      },
      "objectives": {
        "efficiency": -24.03895637710774
      },
      "constraints": {
        "continuity": -0.38983127002521745,
        "flare_limits": -0.6862875686875127,
        "throat_sizing": 0.0,
        "max_displacement": 0.0
      }
    }
  ],
  "parameter_names": [
    "throat_area",
    "middle_area",
    "mouth_area",
    "length1",
    "length2",
    "V_tc",
    "V_rc"
  ],
  "objective_names": [
    "efficiency"
  ],
  "optimization_metadata": {
    "algorithm": "nsga2",
    "pop_size": 10,
    "n_generations": 1,
    "driver": "BC_8NDL51",
    "enclosure_type": "multisegment_horn",
    "objectives": [
      "efficiency"
    ],
    "timestamp": "2025-12-31T16:43:25.671253"
  },
  "convergence_info": {},
  "warnings": []
}