{
  "driver_name": "unknown",
  "num_segments": 2,
  "objectives": [
    "f3",
    "efficiency",
    "passband_flatness"
  ],
  "hf_cutoff": 150.0,
  "pop_size": 40,
  "n_generations": 20,
  "pareto_size": 40,
  "opt_metadata": {
    "algorithm": "NSGA-II",
    "pop_size": 40,
    "n_generations": 20,
    "n_evaluations": 800,
    "n_pareto_designs": 40,
    "convergence": {
      "n_evals": 800,
      "final_pop_size": 40
    }
  },
  "pareto_front": [
    [
      20.000000000000004,
      -21.251910529511463,
      15.086825253199157
    ],
    [
      20.000000000000004,
      -0.011713268615836468,
      8.760768808799789
    ],
    [
      20.000000000000004,
      -13.809705470842706,
      14.283066209898724
    ],
    [
      20.000000000000004,
      -18.558697857067788,
      14.89178848819769
    ],
    [
      20.000000000000004,
      -4.308406672468306,
      11.336367238678394
    ],
    [
      20.000000000000004,
      -12.118954403030079,
      14.233634663192236
    ],
    [
      20.000000000000004,
      -1.6965279757270815,
      9.636020497856418
    ],
    [
      20.000000000000004,
      -14.695530242085123,
      14.521157861179296
    ],
    [
      20.000000000000004,
      -11.845379589850655,
      14.010856872101856
    ],
    [
      20.000000000000004,
      -5.383940060965781,
      12.346986985558502
    ],
    [
      20.000000000000004,
      -5.108627896606486,
      11.958573903503176
    ],
    [
      20.000000000000004,
      -2.8338939912598997,
      9.82392206738379
    ],
    [
      20.000000000000004,
      -10.50924361201912,
      13.947147215377338
    ],
    [
      20.000000000000004,
      -1.5795948097182007,
      9.341676355527335
    ],
    [
      20.000000000000004,
      -8.40256397012613,
      13.64930994710419
    ],
    [
      20.000000000000004,
      -5.108627896606486,
      11.958573903503176
    ],
    [
      20.000000000000004,
      -0.02067645517976646,
      8.917014464264431
    ],
    [
      20.000000000000004,
      -16.94845860361343,
      14.766449292617034
    ],
    [
      20.000000000000004,
      -0.5239927207436976,
      9.2401672173562
    ],
    [
      20.000000000000004,
      -7.098776104194118,
      12.944135361395213
    ],
    [
      20.000000000000004,
      -4.127229540181181,
      11.25899495692508
    ],
    [
      20.000000000000004,
      -18.024187890380976,
      14.769869107044968
    ],
    [
      20.000000000000004,
      -3.1605196558550532,
      10.103871497684134
    ],
    [
      20.000000000000004,
      -3.414107037182521,
      10.40171428176461
    ],
    [
      20.000000000000004,
      -7.956703489242088,
      13.42057313424634
    ],
    [
      20.000000000000004,
      -3.611850535671339,
      10.64302731146166
    ],
    [
      20.000000000000004,
      -9.126345126509452,
      13.710643972848887
    ],
    [
      20.000000000000004,
      -0.5462045899067155,
      9.312633490073118
    ],
    [
      20.000000000000004,
      -6.5195002177068435,
      12.723820180595478
    ],
    [
      20.000000000000004,
      -4.05037590748094,
      10.94276212617532
    ],
    [
      20.000000000000004,
      -7.489101902560878,
      13.096510808907938
    ],
    [
      20.000000000000004,
      -16.46277413150854,
      14.636078838243481
    ],
    [
      20.000000000000004,
      -6.754339318496874,
      12.815558070738343
    ],
    [
      20.000000000000004,
      -7.6806819947483564,
      13.164442288090973
    ],
    [
      20.000000000000004,
      -15.68795380578708,
      14.524162858099782
    ],
    [
      20.000000000000004,
      -5.550575815198279,
      12.582405173228732
    ],
    [
      20.000000000000004,
      -10.024855230418513,
      13.883066295197208
    ],
    [
      20.000000000000004,
      -2.948598449210925,
      9.940926653574003
    ],
    [
      20.000000000000004,
      -3.3312931850028025,
      10.28194201534841
    ],
    [
      20.000000000000004,
      -3.686123975895202,
      10.750875314794973
    ]
  ],