{
  "success": true,
  "n_designs_found": 1,
  "pareto_front": [
    {
      "parameters": {
        "throat_area": 0.016669652676304214,
        "middle_area": 0.1776185961464148,
        "mouth_area": 0.5697655876249234,
        "length1": 2.5024172892783993,
        "length2": 2.4629134166237225,
        "V_tc": 1.8245615857652458e-05,
        "V_rc": 0.015355788630238006
      },
      "objectives": {
        "f3": 28.154707149047038,
        "flatness": 8.721543386282889
      },
      "constraints": {
        "continuity": -0.16094894347011057,
        "flare_limits": -0.6655864933531956,
        "throat_sizing": 0.0,
        "max_displacement": 0.0
      }
    }
  ],
  "best_designs": [
    {
      "parameters": {
        "throat_area": 0.016669652676304214,
        "middle_area": 0.1776185961464148,
        "mouth_area": 0.5697655876249234,
        "length1": 2.5024172892783993,
        "length2": 2.4629134166237225,
        "V_tc": 1.8245615857652458e-05,
        "V_rc": 0.015355788630238006
      },
      "objectives": {
        "f3": 28.154707149047038,
        "flatness": 8.721543386282889
      },
      "constraints": {
        "continuity": -0.16094894347011057,
        "flare_limits": -0.6655864933531956,
        "throat_sizing": 0.0,
        "max_displacement": 0.0
      }
    }
  ],
  "parameter_names": [
    "throat_area",
    "middle_area",
    "mouth_area",
    "length1",
    "length2",
    "V_tc",
    "V_rc"
  ],
  "objective_names": [
    "f3",
    "flatness"
  ],
  "optimization_metadata": {
    "algorithm": "nsga2",
    "pop_size": 10,
    "n_generations": 1,
    "driver": "BC_8NDL51",
    "enclosure_type": "multisegment_horn",
    "objectives": [
      "f3",
      "flatness"
    ],
    "timestamp": "2025-12-31T16:48:57.081674"
  },
  "convergence_info": {},
  "warnings": []
}