{
  "success": true,
  "n_designs_found": 5,
  "pareto_front": [
    {
      "parameters": {
        "throat_area": 0.013303008019158846,
        "middle_area": 0.13378090995134984,
        "mouth_area": 0.48738243876713044,
        "length1": 2.0556835700677594,
        "length2": 2.252131458631063,
        "V_tc": 6.065209153111209e-06,
        "V_rc": 0.012273192567690404
      },
      "objectives": {
        "f3_deviation": 7.756488039334371,
        "flatness": 10.263369428174995
      },
      "constraints": {
        "continuity": -0.12047790193219099,
        "flare_limits": -0.7928456485932931,
        "throat_sizing": 0.0,
        "max_displacement": 0.0
      }
    },
    {
      "parameters": {
        "throat_area": 0.017813131757595847,
        "middle_area": 0.16231804492512525,
        "mouth_area": 0.7760901252792369,
        "length1": 2.199800476621551,
        "length2": 2.6301271645985045,
        "V_tc": 1.3710128264988888e-05,
        "V_rc": 0.015205388030487252
      },
      "objectives": {
        "f3_deviation": 10.284691019463626,
        "flatness": 9.309078056230351
      },
      "constraints": {
        "continuity": -0.1445049131675294,
        "flare_limits": -1.0647110033898093,
        "throat_sizing": 0.0,
        "max_displacement": 0.0
      }
    },
    {
      "parameters": {
        "throat_area": 0.01552531962775994,
        "middle_area": 0.32810011210951123,
        "mouth_area": 1.261070421101845,
        "length1": 2.2955995247498286,
        "length2": 1.5439039646190662,
        "V_tc": 1.8100474894747217e-05,
        "V_rc": 0.018610064934191508
      },
      "objectives": {
        "f3_deviation": 0.6103736919115761,
        "flatness": 11.785323250192496
      },
      "constraints": {
        "continuity": -0.3125747924817513,
        "flare_limits": -0.8463973981870978,
        "throat_sizing": 0.0,
        "max_displacement": 0.0
      }
    },
    {
      "parameters": {
        "throat_area": 0.021118856059600136,
        "middle_area": 0.07808064991776711,
        "mouth_area": 1.1314686299336891,
        "length1": 1.6536975322241179,
        "length2": 2.116103041779149,
        "V_tc": 1.7373738539864093e-05,
        "V_rc": 0.008545268027660652
      },
      "objectives": {
        "f3_deviation": 0.4238266788666394,
        "flatness": 12.809415864948656
      },
      "constraints": {
        "continuity": -0.05696179385816698,
        "flare_limits": -0.807575972285633,
        "throat_sizing": 0.0,
        "max_displacement": 0.0
      }
    },
    {
      "parameters": {
        "throat_area": 0.011334272228891397,
        "middle_area": 0.24234288576629542,
        "mouth_area": 0.9080891647900899,
        "length1": 2.753624377771239,
        "length2": 2.896546110563859,
        "V_tc": 1.4536041894651733e-05,
        "V_rc": 0.019157099552203277
      },
      "objectives": {
        "f3_deviation": 13.370125268337379,
        "flatness": 7.952855034739925
      },
      "constraints": {
        "continuity": -0.23100861353740404,
        "flare_limits": -0.8209889662316552,
        "throat_sizing": 0.0,
        "max_displacement": 0.0
      }
    }
  ],
  "best_designs": [
    {
      "parameters": {
        "throat_area": 0.021118856059600136,
        "middle_area": 0.07808064991776711,
        "mouth_area": 1.1314686299336891,
        "length1": 1.6536975322241179,
        "length2": 2.116103041779149,
        "V_tc": 1.7373738539864093e-05,
        "V_rc": 0.008545268027660652
      },
      "objectives": {
        "f3_deviation": 0.4238266788666394,
        "flatness": 12.809415864948656
      },
      "constraints": {
        "continuity": -0.05696179385816698,
        "flare_limits": -0.807575972285633,
        "throat_sizing": 0.0,
        "max_displacement": 0.0
      }
    },
    {
      "parameters": {
        "throat_area": 0.01552531962775994,
        "middle_area": 0.32810011210951123,
        "mouth_area": 1.261070421101845,
        "length1": 2.2955995247498286,
        "length2": 1.5439039646190662,
        "V_tc": 1.8100474894747217e-05,
        "V_rc": 0.018610064934191508
      },
      "objectives": {
        "f3_deviation": 0.6103736919115761,
        "flatness": 11.785323250192496
      },
      "constraints": {
        "continuity": -0.3125747924817513,
        "flare_limits": -0.8463973981870978,
        "throat_sizing": 0.0,
        "max_displacement": 0.0
      }
    },
    {
      "parameters": {
        "throat_area": 0.013303008019158846,
        "middle_area": 0.13378090995134984,
        "mouth_area": 0.48738243876713044,
        "length1": 2.0556835700677594,
        "length2": 2.252131458631063,
        "V_tc": 6.065209153111209e-06,
        "V_rc": 0.012273192567690404
      },
      "objectives": {
        "f3_deviation": 7.756488039334371,
        "flatness": 10.263369428174995
      },
      "constraints": {
        "continuity": -0.12047790193219099,
        "flare_limits": -0.7928456485932931,
        "throat_sizing": 0.0,
        "max_displacement": 0.0
      }
    },
    {
      "parameters": {
        "throat_area": 0.017813131757595847,
        "middle_area": 0.16231804492512525,
        "mouth_area": 0.7760901252792369,
        "length1": 2.199800476621551,
        "length2": 2.6301271645985045,
        "V_tc": 1.3710128264988888e-05,
        "V_rc": 0.015205388030487252
      },
      "objectives": {
        "f3_deviation": 10.284691019463626,
        "flatness": 9.309078056230351
      },
      "constraints": {
        "continuity": -0.1445049131675294,
        "flare_limits": -1.0647110033898093,
        "throat_sizing": 0.0,
        "max_displacement": 0.0
      }
    },
    {
      "parameters": {
        "throat_area": 0.011334272228891397,
        "middle_area": 0.24234288576629542,
        "mouth_area": 0.9080891647900899,
        "length1": 2.753624377771239,
        "length2": 2.896546110563859,
        "V_tc": 1.4536041894651733e-05,
        "V_rc": 0.019157099552203277
      },
      "objectives": {
        "f3_deviation": 13.370125268337379,
        "flatness": 7.952855034739925
      },
      "constraints": {
        "continuity": -0.23100861353740404,
        "flare_limits": -0.8209889662316552,
        "throat_sizing": 0.0,
        "max_displacement": 0.0
      }
    }
  ],
  "parameter_names": [
    "throat_area",
    "middle_area",
    "mouth_area",
    "length1",
    "length2",
    "V_tc",
    "V_rc"
  ],
  "objective_names": [
    "f3_deviation",
    "flatness"
  ],
  "optimization_metadata": {
    "algorithm": "nsga2",
    "pop_size": 10,
    "n_generations": 1,
    "driver": "BC_8NDL51",
    "enclosure_type": "multisegment_horn",
    "objectives": [
      "f3_deviation",
      "flatness"
    ],
    "timestamp": "2025-12-31T16:29:40.823945"
  },
  "convergence_info": {},
  "warnings": []
}