{
  "success": true,
  "n_designs_found": 1,
  "pareto_front": [
    {
      "parameters": {
        "throat_area": 0.017446970882438836,
        "middle_area": 0.3087972342000916,
        "mouth_area": 1.372770780732552,
        "length1": 1.8017083765444375,
        "length2": 2.8286969786778,
        "V_tc": 9.720380945020608e-06,
        "V_rc": 0.019505566089702806
      },
      "objectives": {
        "efficiency": -22.816727100180348
      },
      "constraints": {
        "continuity": -0.29135026331765274,
        "flare_limits": -0.9919015825711757,
        "throat_sizing": 0.0,
        "max_displacement": 0.0
      }
    }
  ],
  "best_designs": [
    {
      "parameters": {
        "throat_area": 0.017446970882438836,
        "middle_area": 0.3087972342000916,
        "mouth_area": 1.372770780732552,
        "length1": 1.8017083765444375,
        "length2": 2.8286969786778,
        "V_tc": 9.720380945020608e-06,
        "V_rc": 0.019505566089702806
      },
      "objectives": {
        "efficiency": -22.816727100180348
      },
      "constraints": {
        "continuity": -0.29135026331765274,
        "flare_limits": -0.9919015825711757,
        "throat_sizing": 0.0,
        "max_displacement": 0.0
      }
    }
  ],
  "parameter_names": [
    "throat_area",
    "middle_area",
    "mouth_area",
    "length1",
    "length2",
    "V_tc",
    "V_rc"
  ],
  "objective_names": [
    "efficiency"
  ],
  "optimization_metadata": {
    "algorithm": "nsga2",
    "pop_size": 10,
    "n_generations": 1,
    "driver": "BC_8NDL51",
    "enclosure_type": "multisegment_horn",
    "objectives": [
      "efficiency"
    ],
    "timestamp": "2025-12-31T16:42:45.778770"
  },
  "convergence_info": {},
  "warnings": []
}