{
  "success": true,
  "n_designs_found": 4,
  "pareto_front": [
    {
      "parameters": {
        "throat_area": 0.01779416028825495,
        "middle_area": 0.3411719312400493,
        "mouth_area": 1.1762467442888846,
        "length1": 2.841453004541645,
        "length2": 2.7820729325815594,
        "V_tc": 2.60070371919454e-06,
        "V_rc": 0.016441770038848398
      },
      "objectives": {
        "f3": 26.546565395078176,
        "volume": 2.424893795657906,
        "flatness": 8.151736425037125
      },
      "constraints": {
        "continuity": -0.3233777709517943,
        "flare_limits": -0.7376973756186145,
        "throat_sizing": 0.0,
        "max_displacement": 0.0
      }
    },
    {
      "parameters": {
        "throat_area": 0.016236968098971488,
        "middle_area": 0.2656440283784442,
        "mouth_area": 0.6407945361507921,
        "length1": 1.5662312466341466,
        "length2": 2.9360932353408753,
        "V_tc": 1.1316831489087979e-05,
        "V_rc": 0.014878702241949454
      },
      "objectives": {
        "f3": 27.100347498562105,
        "volume": 1.4872628941555976,
        "flatness": 9.671857899779972
      },
      "constraints": {
        "continuity": -0.2494070602794727,
        "flare_limits": -0.38055169575047965,
        "throat_sizing": 0.0,
        "max_displacement": 0.0
      }
    },
    {
      "parameters": {
        "throat_area": 0.019954710145080323,
        "middle_area": 0.12875608482688533,
        "mouth_area": 1.0159756490420222,
        "length1": 2.9177546024146213,
        "length2": 1.8364516425268087,
        "V_tc": 7.634138557132102e-06,
        "V_rc": 0.018835027830442302
      },
      "objectives": {
        "f3": 30.827045844996658,
        "volume": 1.1349263718319929,
        "flatness": 9.443598069332054
      },
      "constraints": {
        "continuity": -0.10880137468180501,
        "flare_limits": -1.364454586251427,
        "throat_sizing": 0.0,
        "max_displacement": 0.0
      }
    },
    {
      "parameters": {
        "throat_area": 0.019367207658239984,
        "middle_area": 0.06942504732546773,
        "mouth_area": 0.750103839649593,
        "length1": 1.9283306450780207,
        "length2": 2.1367991771967647,
        "V_tc": 1.9626994041565662e-05,
        "V_rc": 0.009044098660012378
      },
      "objectives": {
        "f3": 35.41417662155905,
        "volume": 0.8359701666406294,
        "flatness": 11.665815879316542
      },
      "constraints": {
        "continuity": -0.05005783966722774,
        "flare_limits": -0.7766664059102191,
        "throat_sizing": 0.0,
        "max_displacement": 0.0
      }
    }
  ],
  "best_designs": [
    {
      "parameters": {
        "throat_area": 0.01779416028825495,
        "middle_area": 0.3411719312400493,
        "mouth_area": 1.1762467442888846,
        "length1": 2.841453004541645,
        "length2": 2.7820729325815594,
        "V_tc": 2.60070371919454e-06,
        "V_rc": 0.016441770038848398
      },
      "objectives": {
        "f3": 26.546565395078176,
        "volume": 2.424893795657906,
        "flatness": 8.151736425037125
      },
      "constraints": {
        "continuity": -0.3233777709517943,
        "flare_limits": -0.7376973756186145,
        "throat_sizing": 0.0,
        "max_displacement": 0.0
      }
    },
    {
      "parameters": {
        "throat_area": 0.016236968098971488,
        "middle_area": 0.2656440283784442,
        "mouth_area": 0.6407945361507921,
        "length1": 1.5662312466341466,
        "length2": 2.9360932353408753,
        "V_tc": 1.1316831489087979e-05,
        "V_rc": 0.014878702241949454
      },
      "objectives": {
        "f3": 27.100347498562105,
        "volume": 1.4872628941555976,
        "flatness": 9.671857899779972
      },
      "constraints": {
        "continuity": -0.2494070602794727,
        "flare_limits": -0.38055169575047965,
        "throat_sizing": 0.0,
        "max_displacement": 0.0
      }
    },
    {
      "parameters": {
        "throat_area": 0.019954710145080323,
        "middle_area": 0.12875608482688533,
        "mouth_area": 1.0159756490420222,
        "length1": 2.9177546024146213,
        "length2": 1.8364516425268087,
        "V_tc": 7.634138557132102e-06,
        "V_rc": 0.018835027830442302
      },
      "objectives": {
        "f3": 30.827045844996658,
        "volume": 1.1349263718319929,
        "flatness": 9.443598069332054
      },
      "constraints": {
        "continuity": -0.10880137468180501,
        "flare_limits": -1.364454586251427,
        "throat_sizing": 0.0,
        "max_displacement": 0.0
      }
    },
    {
      "parameters": {
        "throat_area": 0.019367207658239984,
        "middle_area": 0.06942504732546773,
        "mouth_area": 0.750103839649593,
        "length1": 1.9283306450780207,
        "length2": 2.1367991771967647,
        "V_tc": 1.9626994041565662e-05,
        "V_rc": 0.009044098660012378
      },
      "objectives": {
        "f3": 35.41417662155905,
        "volume": 0.8359701666406294,
        "flatness": 11.665815879316542
      },
      "constraints": {
        "continuity": -0.05005783966722774,
        "flare_limits": -0.7766664059102191,
        "throat_sizing": 0.0,
        "max_displacement": 0.0
      }
    }
  ],
  "parameter_names": [
    "throat_area",
    "middle_area",
    "mouth_area",
    "length1",
    "length2",
    "V_tc",
    "V_rc"
  ],
  "objective_names": [
    "f3",
    "volume",
    "flatness"
  ],
  "optimization_metadata": {
    "algorithm": "nsga2",
    "pop_size": 10,
    "n_generations": 1,
    "driver": "BC_8NDL51",
    "enclosure_type": "multisegment_horn",
    "objectives": [
      "f3",
      "volume",
      "flatness"
    ],
    "timestamp": "2025-12-31T16:44:44.713519"
  },
  "convergence_info": {},
  "warnings": []
}