{
  "success": true,
  "n_designs_found": 1,
  "pareto_front": [
    {
      "parameters": {
        "throat_area": 0.016210789304507662,
        "middle_area": 0.32669369350404126,
        "mouth_area": 1.0952307634038227,
        "length1": 2.8054685524427163,
        "length2": 2.820715145474024,
        "V_tc": 1.8249890142838878e-05,
        "V_rc": 0.017991324735395272
      },
      "objectives": {
        "f3": 26.279676525675864,
        "flatness": 8.06126037806337
      },
      "constraints": {
        "continuity": -0.3104829041995336,
        "flare_limits": -0.7096973480913993,
        "throat_sizing": 0.0,
        "max_displacement": 0.0
      }
    }
  ],
  "best_designs": [
    {
      "parameters": {
        "throat_area": 0.016210789304507662,
        "middle_area": 0.32669369350404126,
        "mouth_area": 1.0952307634038227,
        "length1": 2.8054685524427163,
        "length2": 2.820715145474024,
        "V_tc": 1.8249890142838878e-05,
        "V_rc": 0.017991324735395272
      },
      "objectives": {
        "f3": 26.279676525675864,
        "flatness": 8.06126037806337
      },
      "constraints": {
        "continuity": -0.3104829041995336,
        "flare_limits": -0.7096973480913993,
        "throat_sizing": 0.0,
        "max_displacement": 0.0
      }
    }
  ],
  "parameter_names": [
    "throat_area",
    "middle_area",
    "mouth_area",
    "length1",
    "length2",
    "V_tc",
    "V_rc"
  ],
  "objective_names": [
    "f3",
    "flatness"
  ],
  "optimization_metadata": {
    "algorithm": "nsga2",
    "pop_size": 10,
    "n_generations": 1,
    "driver": "BC_8NDL51",
    "enclosure_type": "multisegment_horn",
    "objectives": [
      "f3",
      "flatness"
    ],
    "timestamp": "2025-12-31T16:32:06.280114"
  },
  "convergence_info": {},
  "warnings": []
}