{
  "success": true,
  "n_designs_found": 2,
  "pareto_front": [
    {
      "parameters": {
        "Vb": 0.030296736123191923
      },
      "objectives": {
        "f3": 86.60276873164288,
        "flatness": 8.081628369507895
      },
      "constraints": {}
    },
    {
      "parameters": {
        "Vb": 0.029291815868828706
      },
      "objectives": {
        "f3": 85.78983748063557,
        "flatness": 8.112650632436917
      },
      "constraints": {}
    }
  ],
  "best_designs": [
    {
      "parameters": {
        "Vb": 0.029291815868828706
      },
      "objectives": {
        "f3": 85.78983748063557,
        "flatness": 8.112650632436917
      },
      "constraints": {}
    },
    {
      "parameters": {
        "Vb": 0.030296736123191923
      },
      "objectives": {
        "f3": 86.60276873164288,
        "flatness": 8.081628369507895
      },
      "constraints": {}
    }
  ],
  "parameter_names": [
    "Vb"
  ],
  "objective_names": [
    "f3",
    "flatness"
  ],
  "optimization_metadata": {
    "algorithm": "nsga2",
    "pop_size": 100,
    "n_generations": 100,
    "driver": "BC_8NDL51",
    "enclosure_type": "sealed",
    "objectives": [
      "f3",
      "flatness"
    ],
    "timestamp": "2025-12-31T17:38:43.755919"
  },
  "convergence_info": {},
  "warnings": []
}