{
  "success": true,
  "n_designs_found": 4,
  "pareto_front": [
    {
      "parameters": {
        "throat_area": 0.020735960664704192,
        "middle_area": 0.1951165663735998,
        "mouth_area": 0.5967346840064036,
        "length1": 2.669658601672087,
        "length2": 2.371350701037154,
        "V_tc": 1.7063277922103313e-05,
        "V_rc": 0.019529284587802474
      },
      "objectives": {
        "f3_deviation": 12.592807430974322,
        "flatness": 8.152001365830078
      },
      "constraints": {
        "continuity": -0.17438060570889563,
        "flare_limits": -0.617875442969601,
        "throat_sizing": 0.0,
        "max_displacement": 0.0
      }
    },
    {
      "parameters": {
        "throat_area": 0.02125268529474532,
        "middle_area": 0.3078022923201324,
        "mouth_area": 0.7679549760435244,
        "length1": 1.6678713389616964,
        "length2": 2.115161172301624,
        "V_tc": 3.947488521629493e-06,
        "V_rc": 0.016145673548298073
      },
      "objectives": {
        "f3_deviation": 6.32388754111593,
        "flatness": 10.557733587224174
      },
      "constraints": {
        "continuity": -0.28654960702538707,
        "flare_limits": -0.41427343767496005,
        "throat_sizing": 0.0,
        "max_displacement": 0.0
      }
    },
    {
      "parameters": {
        "throat_area": 0.01835255514693434,
        "middle_area": 0.09818286623397254,
        "mouth_area": 0.38157103601990117,
        "length1": 2.09266080856752,
        "length2": 2.657273719127878,
        "V_tc": 7.3570050332356005e-06,
        "V_rc": 0.0146169951187817
      },
      "objectives": {
        "f3_deviation": 12.146053475029998,
        "flatness": 8.696271640220228
      },
      "constraints": {
        "continuity": -0.0798303110870382,
        "flare_limits": -0.8574653134099222,
        "throat_sizing": 0.0,
        "max_displacement": 0.0
      }
    },
    {
      "parameters": {
        "throat_area": 0.012145681610222163,
        "middle_area": 0.05586260061982655,
        "mouth_area": 1.337468724903304,
        "length1": 2.2234536972958416,
        "length2": 2.508437843310684,
        "V_tc": 1.0883947885549173e-05,
        "V_rc": 0.00868767911174976
      },
      "objectives": {
        "f3_deviation": 5.672155387530751,
        "flatness": 11.54697953125523
      },
      "constraints": {
        "continuity": -0.04371691900960439,
        "flare_limits": -1.0259214318813263,
        "throat_sizing": 0.0,
        "max_displacement": 0.0
      }
    }
  ],
  "best_designs": [
    {
      "parameters": {
        "throat_area": 0.012145681610222163,
        "middle_area": 0.05586260061982655,
        "mouth_area": 1.337468724903304,
        "length1": 2.2234536972958416,
        "length2": 2.508437843310684,
        "V_tc": 1.0883947885549173e-05,
        "V_rc": 0.00868767911174976
      },
      "objectives": {
        "f3_deviation": 5.672155387530751,
        "flatness": 11.54697953125523
      },
      "constraints": {
        "continuity": -0.04371691900960439,
        "flare_limits": -1.0259214318813263,
        "throat_sizing": 0.0,
        "max_displacement": 0.0
      }
    },
    {
      "parameters": {
        "throat_area": 0.02125268529474532,
        "middle_area": 0.3078022923201324,
        "mouth_area": 0.7679549760435244,
        "length1": 1.6678713389616964,
        "length2": 2.115161172301624,
        "V_tc": 3.947488521629493e-06,
        "V_rc": 0.016145673548298073
      },
      "objectives": {
        "f3_deviation": 6.32388754111593,
        "flatness": 10.557733587224174
      },
      "constraints": {
        "continuity": -0.28654960702538707,
        "flare_limits": -0.41427343767496005,
        "throat_sizing": 0.0,
        "max_displacement": 0.0
      }
    },
    {
      "parameters": {
        "throat_area": 0.01835255514693434,
        "middle_area": 0.09818286623397254,
        "mouth_area": 0.38157103601990117,
        "length1": 2.09266080856752,
        "length2": 2.657273719127878,
        "V_tc": 7.3570050332356005e-06,
        "V_rc": 0.0146169951187817
      },
      "objectives": {
        "f3_deviation": 12.146053475029998,
        "flatness": 8.696271640220228
      },
      "constraints": {
        "continuity": -0.0798303110870382,
        "flare_limits": -0.8574653134099222,
        "throat_sizing": 0.0,
        "max_displacement": 0.0
      }
    },
    {
      "parameters": {
        "throat_area": 0.020735960664704192,
        "middle_area": 0.1951165663735998,
        "mouth_area": 0.5967346840064036,
        "length1": 2.669658601672087,
        "length2": 2.371350701037154,
        "V_tc": 1.7063277922103313e-05,
        "V_rc": 0.019529284587802474
      },
      "objectives": {
        "f3_deviation": 12.592807430974322,
        "flatness": 8.152001365830078
      },
      "constraints": {
        "continuity": -0.17438060570889563,
        "flare_limits": -0.617875442969601,
        "throat_sizing": 0.0,
        "max_displacement": 0.0
      }
    }
  ],
  "parameter_names": [
    "throat_area",
    "middle_area",
    "mouth_area",
    "length1",
    "length2",
    "V_tc",
    "V_rc"
  ],
  "objective_names": [
    "f3_deviation",
    "flatness"
  ],
  "optimization_metadata": {
    "algorithm": "nsga2",
    "pop_size": 10,
    "n_generations": 1,
    "driver": "BC_8NDL51",
    "enclosure_type": "multisegment_horn",
    "objectives": [
      "f3_deviation",
      "flatness"
    ],
    "timestamp": "2025-12-31T16:54:29.899298"
  },
  "convergence_info": {},
  "warnings": []
}