{
  "driver_name": "unknown",
  "num_segments": 2,
  "objectives": [
    "f3",
    "efficiency",
    "passband_flatness"
  ],
  "hf_cutoff": 150.0,
  "pop_size": 40,
  "n_generations": 20,
  "pareto_size": 40,
  "opt_metadata": {
    "algorithm": "NSGA-II",
    "pop_size": 40,
    "n_generations": 20,
    "n_evaluations": 800,
    "n_pareto_designs": 40,
    "convergence": {
      "n_evals": 800,
      "final_pop_size": 40
    }
  },
  "pareto_front": [
    [
      20.000000000000004,
      -9.828409264564158e-08,
      10.177222309092869
    ],
    [
      20.000000000000004,
      -0.015761231786766892,
      16.214889551869696
    ],
    [
      20.000000000000004,
      -0.00048120579435423296,
      15.642642088428959
    ],
    [
      20.000000000000004,
      -0.010514841303077208,
      16.13530598146447
    ],
    [
      20.000000000000004,
      -0.0035344916990428005,
      15.671175887737013
    ],
    [
      20.000000000000004,
      -0.00700764768170099,
      16.043505556925314
    ],
    [
      20.000000000000004,
      -0.015454223464059717,
      16.21155850885714
    ],
    [
      20.000000000000004,
      -0.013430316930202515,
      16.197112238674176
    ],
    [
      20.000000000000004,
      -0.008458743306198111,
      16.12427131191797
    ],
    [
      20.000000000000004,
      -0.011771507804341448,
      16.135788028663985
    ],
    [
      20.000000000000004,
      -0.005135431348497976,
      15.743513248907849
    ],
    [
      20.000000000000004,
      -0.005778495983849165,
      16.021007022524024
    ],
    [
      20.000000000000004,
      -0.0036133571222961864,
      15.671219312295204
    ],
    [
      20.000000000000004,
      -0.012356137719220667,
      16.18185422572552
    ],
    [
      20.000000000000004,
      -0.008429890484626648,
      16.103455287425646
    ],
    [
      20.000000000000004,
      -8.730162138271636e-06,
      14.996184989537776
    ],
    [
      20.000000000000004,
      -0.0055201227492270985,
      15.901867060356787
    ],
    [
      20.000000000000004,
      -8.668176232846044e-06,
      14.573645803746112
    ],
    [
      20.000000000000004,
      -8.113434304084717e-06,
      14.102975251424203
    ],
    [
      20.000000000000004,
      -2.664331218143214e-06,
      10.700365108765073
    ],
    [
      20.000000000000004,
      -3.321321698172309e-06,
      11.144688649474313
    ],
    [
      20.000000000000004,
      -4.07136750606091e-06,
      11.569978704940576
    ],
    [
      20.000000000000004,
      -5.876368989884236e-06,
      12.624805899605395
    ],
    [
      20.000000000000004,
      -0.013287316846975983,
      16.19695335286993
    ],
    [
      20.000000000000004,
      -3.879526685660439e-06,
      11.42327669375379
    ],
    [
      20.000000000000004,
      -8.676016741265791e-06,
      14.58024803877177
    ],
    [
      20.000000000000004,
      -6.51717500253056e-06,
      13.042051113344254
    ],
    [
      20.000000000000004,
      -5.608601567953075e-05,
      15.122470137501667
    ],
    [
      20.000000000000004,
      -6.905503872134758e-06,
      13.362400048376632
    ],
    [
      20.000000000000004,
      -4.759964751437888e-06,
      12.052231719774927
    ],
    [
      20.000000000000004,
      -0.00023814361160669269,
      15.537534580232194
    ],
    [
      20.000000000000004,
      -5.506282935607206e-06,
      12.404264303241833
    ],
    [
      20.000000000000004,
      -7.424687074429796e-06,
      13.7772082700473
    ],
    [
      20.000000000000004,
      -0.00012931128459147632,
      15.366248277310037
    ],
    [
      20.000000000000004,
      -6.713203555349883e-06,
      13.188041655794168
    ],
    [
      20.000000000000004,
      -7.782879686419553e-06,
      13.943134565873791
    ],
    [
      20.000000000000004,
      -4.347913593829488e-06,
      11.858485055282724
    ],
    [
      20.000000000000004,
      -2.6432985697478005e-06,
      10.69163099093893
    ],
    [
      20.000000000000004,
      -2.5926262761385064e-06,
      10.399404310546153
    ],
    [
      20.000000000000004,
      -3.353701334798203e-06,
      11.144768172850485
    ]
  ],