{
  "success": true,
  "n_designs_found": 4,
  "pareto_front": [
    {
      "parameters": {
        "throat_area": 0.019400863700744567,
        "middle_area": 0.3011299355551488,
        "mouth_area": 1.0856812477679978,
        "length1": 2.5049417537780685,
        "length2": 1.9785906461823637,
        "V_tc": 1.2084185936405426e-05,
        "V_rc": 0.01651577916928805
      },
      "objectives": {
        "volume": 1.6397352446299076,
        "flatness": 10.139942305141574
      },
      "constraints": {
        "continuity": -0.2817290718544042,
        "flare_limits": -0.7824210958814855,
        "throat_sizing": 0.0,
        "max_displacement": 0.0
      }
    },
    {
      "parameters": {
        "throat_area": 0.012397339361982822,
        "middle_area": 0.10625658581066069,
        "mouth_area": 1.3436819288827755,
        "length1": 2.641911212742028,
        "length2": 2.6486301655577122,
        "V_tc": 1.6316805786560202e-05,
        "V_rc": 0.01190913628461586
      },
      "objectives": {
        "volume": 1.762095989680684,
        "flatness": 9.948186648033824
      },
      "constraints": {
        "continuity": -0.09385924644867787,
        "flare_limits": -1.6483749079778836,
        "throat_sizing": 0.0,
        "max_displacement": 0.0
      }
    },
    {
      "parameters": {
        "throat_area": 0.01848368175992298,
        "middle_area": 0.056133336758090534,
        "mouth_area": 0.514713218201761,
        "length1": 2.2217382142711037,
        "length2": 2.1976629979560975,
        "V_tc": 9.298759004389233e-06,
        "V_rc": 0.009582284502838607
      },
      "objectives": {
        "volume": 0.6314005841094789,
        "flatness": 10.35338723104404
      },
      "constraints": {
        "continuity": -0.03764965499816755,
        "flare_limits": -0.610841598348177,
        "throat_sizing": 0.0,
        "max_displacement": 0.0
      }
    },
    {
      "parameters": {
        "throat_area": 0.020938364786761005,
        "middle_area": 0.46919962254279407,
        "mouth_area": 0.8037128988780113,
        "length1": 2.998159685002638,
        "length2": 2.7420912838266345,
        "V_tc": 1.5173100565800552e-05,
        "V_rc": 0.01458957370709189
      },
      "objectives": {
        "volume": 2.328272927330101,
        "flatness": 8.347771557581616
      },
      "constraints": {
        "continuity": -0.33451327633521727,
        "flare_limits": -0.03821380214981629,
        "throat_sizing": 0.0,
        "max_displacement": 0.0
      }
    }
  ],
  "best_designs": [
    {
      "parameters": {
        "throat_area": 0.01848368175992298,
        "middle_area": 0.056133336758090534,
        "mouth_area": 0.514713218201761,
        "length1": 2.2217382142711037,
        "length2": 2.1976629979560975,
        "V_tc": 9.298759004389233e-06,
        "V_rc": 0.009582284502838607
      },
      "objectives": {
        "volume": 0.6314005841094789,
        "flatness": 10.35338723104404
      },
      "constraints": {
        "continuity": -0.03764965499816755,
        "flare_limits": -0.610841598348177,
        "throat_sizing": 0.0,
        "max_displacement": 0.0
      }
    },
    {
      "parameters": {
        "throat_area": 0.019400863700744567,
        "middle_area": 0.3011299355551488,
        "mouth_area": 1.0856812477679978,
        "length1": 2.5049417537780685,
        "length2": 1.9785906461823637,
        "V_tc": 1.2084185936405426e-05,
        "V_rc": 0.01651577916928805
      },
      "objectives": {
        "volume": 1.6397352446299076,
        "flatness": 10.139942305141574
      },
      "constraints": {
        "continuity": -0.2817290718544042,
        "flare_limits": -0.7824210958814855,
        "throat_sizing": 0.0,
        "max_displacement": 0.0
      }
    },
    {
      "parameters": {
        "throat_area": 0.012397339361982822,
        "middle_area": 0.10625658581066069,
        "mouth_area": 1.3436819288827755,
        "length1": 2.641911212742028,
        "length2": 2.6486301655577122,
        "V_tc": 1.6316805786560202e-05,
        "V_rc": 0.01190913628461586
      },
      "objectives": {
        "volume": 1.762095989680684,
        "flatness": 9.948186648033824
      },
      "constraints": {
        "continuity": -0.09385924644867787,
        "flare_limits": -1.6483749079778836,
        "throat_sizing": 0.0,
        "max_displacement": 0.0
      }
    },
    {
      "parameters": {
        "throat_area": 0.020938364786761005,
        "middle_area": 0.46919962254279407,
        "mouth_area": 0.8037128988780113,
        "length1": 2.998159685002638,
        "length2": 2.7420912838266345,
        "V_tc": 1.5173100565800552e-05,
        "V_rc": 0.01458957370709189
      },
      "objectives": {
        "volume": 2.328272927330101,
        "flatness": 8.347771557581616
      },
      "constraints": {
        "continuity": -0.33451327633521727,
        "flare_limits": -0.03821380214981629,
        "throat_sizing": 0.0,
        "max_displacement": 0.0
      }
    }
  ],
  "parameter_names": [
    "throat_area",
    "middle_area",
    "mouth_area",
    "length1",
    "length2",
    "V_tc",
    "V_rc"
  ],
  "objective_names": [
    "volume",
    "flatness"
  ],
  "optimization_metadata": {
    "algorithm": "nsga2",
    "pop_size": 10,
    "n_generations": 1,
    "driver": "BC_8NDL51",
    "enclosure_type": "multisegment_horn",
    "objectives": [
      "volume",
      "flatness"
    ],
    "timestamp": "2025-12-31T16:44:43.706979"
  },
  "convergence_info": {},
  "warnings": []
}