{
  "driver_name": "unknown",
  "num_segments": 2,
  "objectives": [
    "f3",
    "efficiency",
    "passband_flatness"
  ],
  "hf_cutoff": 2000.0,
  "pop_size": 40,
  "n_generations": 20,
  "pareto_size": 29,
  "opt_metadata": {
    "algorithm": "NSGA-II",
    "pop_size": 40,
    "n_generations": 20,
    "n_evaluations": 800,
    "n_pareto_designs": 29,
    "convergence": {
      "n_evals": 800,
      "final_pop_size": 29
    }
  },
  "pareto_front": [
    [
      20.000000000000004,
      -3.0254177001683708e-05,
      15.21191246590479
    ],
    [
      20.000000000000004,
      -4.837888569216295e-05,
      15.974775421373176
    ],
    [
      20.000000000000004,
      -3.227811877503645e-05,
      15.216480265958573
    ],
    [
      20.000000000000004,
      -0.0009000796171232001,
      16.848658517791115
    ],
    [
      20.000000000000004,
      -6.158412529401472e-05,
      16.15960053438149
    ],
    [
      20.000000000000004,
      -4.532159809997859e-05,
      15.74938901279882
    ],
    [
      20.000000000000004,
      -2.6183328450442628e-05,
      14.751343998852388
    ],
    [
      20.000000000000004,
      -0.0031343780272953775,
      17.00438239743203
    ],
    [
      20.000000000000004,
      -0.00422708322772236,
      17.10972110600719
    ],
    [
      20.000000000000004,
      -0.003912291097603672,
      17.032454518804478
    ],
    [
      20.000000000000004,
      -3.7636843887616636e-05,
      15.548974591053122
    ],
    [
      20.000000000000004,
      -0.004645602778464893,
      17.140603660595087
    ],
    [
      20.000000000000004,
      -0.0016090580502663716,
      16.97151224745239
    ],
    [
      20.000000000000004,
      -3.445581145860399e-05,
      15.375852569614056
    ],
    [
      20.000000000000004,
      -0.004246136052542701,
      17.111582697276347
    ],
    [
      20.000000000000004,
      -2.9329072430127986e-05,
      15.097044219659917
    ],
    [
      20.000000000000004,
      -3.6919765555103506e-05,
      15.386288178237152
    ],
    [
      20.000000000000004,
      -6.2923987740998e-05,
      16.175322445930643
    ],
    [
      20.000000000000004,
      -0.0015685436824497598,
      16.96793211390526
    ],
    [
      20.000000000000004,
      -0.0037115213112166455,
      17.02364933300599
    ],
    [
      20.000000000000004,
      -3.0066070466596906e-05,
      15.178251673724985
    ],
    [
      20.000000000000004,
      -2.640820236678201e-05,
      14.899322455183594
    ],
    [
      20.000000000000004,
      -9.371236718164818e-05,
      16.416296779549242
    ],
    [
      20.000000000000004,
      -2.5454181088744146e-05,
      14.697541419590967
    ],
    [
      20.000000000000004,
      -0.0012693200063604087,
      16.86616798174232
    ],
    [
      20.000000000000004,
      -3.0130881191258184e-05,
      15.201610033084789
    ],
    [
      20.000000000000004,
      -7.022128135067174e-05,
      16.26761375757773
    ],
    [
      20.000000000000004,
      -2.603629789205916e-05,
      14.736861468079795
    ],
    [
      20.000000000000004,
      -9.175803922829964e-05,
      16.267943275535732
    ]
  ],
  "pareto_designs": [
    [
      0.0007477556121439507,
      0.03859314791944285,
      0.0448798539382403,
      0.1848926435850996,
      0.5939794729807714,
      0.950443854212348,
      0.28658289122748737,
      0.504825311533004,
      0.7429705905320216,
      1.4943869139688128e-05,
      1.177829073409751e-05
    ],
    [
      0.0006495053532969331,
      0.03884134912198502,
      0.04538789331851872,
      0.25461481831239385,
      0.594054529522034,
      0.7805727836301828,
      0.4518944625278214,
      0.5024736706227649,
      0.7312798853587194,
      1.47722054089834e-05,
      1.2197256039717985e-05
    ],
    [
      0.0007477556121439507,
      0.038885801850332614,
      0.04378571512512314,
      0.1848926435850996,
      0.5939794729807714,
      0.7814910085694426,
      0.313113335580585,
      0.5422050069552706,
      0.7539351938568049,
      1.4900869151327215e-05,
      1.1357158542458336e-05
    ],
    [
      0.0007496457543020533,
      0.0386772324430308,
      0.0440315108992678,
      0.44396783198112105,
      0.5926791556918376,
      0.8611144770242879,
      0.7556195806356033,
      0.8155337276518174,
      0.7294430985541914,
      1.4646119275183653e-05,
      1.2431887900635325e-05
    ],
    [
      0.0007434504137342236,
      0.03869928942838887,
      0.0443536532530252,
      0.28783412413418236,
      0.5884903569297951,
      0.9520383579991066,
      1.4212159925731755,
      0.6230784749841963,
      0.741357149124301,
      1.4797045293366779e-05,
      1.2186108025023862e-05
    ],
    [
      0.0007399194869745548,
      0.03892874995969525,
      0.04524843408961146,
      0.23607579927538974,
      0.5964254204489652,
      0.6000760691933043,
      0.40605625459319955,
      0.5024736706227649,
      0.7992037236067279,
      1.4801197348222804e-05,
      1.219671514653827e-05
    ],
    [
      0.0007294483783910444,
      0.03894107879569689,
      0.04505567556213502,
      0.15309977577120723,
      0.5963464146671813,
      0.9494718989363061,
      0.3968085391515931,
      0.5707948021659435,
      0.7341394646073148,
      1.4735891667253632e-05,
      1.1716379726130537e-05
    ],
    [
      0.0007399516089496044,
      0.03922795644205346,
      0.04749650550081278,
      0.49335608922278884,
      0.5991065343355547,
      0.7856169428656233,
      0.40605625459319955,
      0.5422126640421839,
      0.7357581027698262,
      1.4756659769676984e-05,
      1.1776936152458867e-05
    ],
    [
      0.0007495242349150344,
      0.037350782994623556,
      0.046116911813578486,
      0.5295219086803397,
      0.5940258030696822,
      0.952831923202853,
      0.7482251068547306,
      0.5188547690081433,
      0.7429302912094733,
      1.4942094820873669e-05,
      1.1777011991449564e-05
    ],
    [
      0.0007201059070864101,
      0.03893767481310254,
      0.04636356227751736,
      0.5023392829042237,
      0.5982836711533641,
      0.7814157019744502,
      0.3871867781369732,
      0.5145702035723083,
      0.7173306655794962,
      1.4705168580004603e-05,
      1.2207549449258568e-05
    ],
    [
      0.0007325628634603349,
      0.0388887658202452,
      0.045517342220731595,
      0.21329234406957684,
      0.5966544342612554,
      0.7862459554358232,
      0.7900976881818265,
      0.5223579812510281,
      0.7431408174817004,
      1.480187693960261e-05,
      1.1729310120235914e-05
    ],
    [
      0.0007499188779029552,
      0.03518029741716781,
      0.04396091711044971,
      0.5338368157234641,
      0.5945504080566747,
      0.5987745466454555,
      0.727078521884994,
      0.5024746817807185,
      0.7362180225692853,
      1.4731395968918661e-05,
      1.2237346190348235e-05
    ],
    [
      0.000732402910533121,
      0.03879430310158865,
      0.04621521715705344,
      0.47059288412512257,
      0.5973455641613878,
      0.7795783606478905,
      0.40086529447418834,
      0.6235308686515466,
      0.7358104608392368,
      1.4941428104879344e-05,
      1.1513526079214516e-05
    ],
    [
      0.0007497294013396702,
      0.03871637130659022,
      0.04373724200546466,
      0.19980212406491385,
      0.5921245656947931,
      0.9038779392612445,
      0.34714258377328067,
      0.5562635686336264,
      0.7426956641237507,
      1.4900641997611878e-05,
      1.1876170571456075e-05
    ],
    [
      0.0007495242349150344,
      0.037350782994623556,
      0.046094447831137204,
      0.5295219086803397,
      0.5939922839278939,
      0.952831923202853,
      0.46693453247480493,
      0.5188547690081433,
      0.7429302912094733,
      1.491521733382518e-05,
      1.1777011991449564e-05
    ],
    [
      0.0007477948197408177,
      0.03914924802601214,
      0.04494926124358317,
      0.1754403364349991,
