{
  "driver": "TC2",
  "driver_params": {
    "Fs_hz": 251.24538012445726,
    "Sd_cm2": 8.0,
    "Vas_liters": 0.00444242624,
    "Qts": 0.5036718073308174,
    "M_md_g": 8.0,
    "C_ms": 5e-05,
    "BL": 12.0
  },
  "optimization_settings": {
    "objectives": [
      "efficiency",
      "f3",
      "flatness"
    ],
    "population_size": 100,
    "generations": 100,
    "num_segments": 2,
    "preset": "midrange_horn"
  },
  "n_designs_found": 100,
  "best_designs": [
    {
      "rank": 0.8912108091953752,
      "parameters": {
        "throat_area": 0.0001600078470820782,
        "middle_area": 0.035796919513225785,
        "mouth_area": 0.059049560339906305,
        "length1": 0.27394085909545,
        "length2": 0.5999924061653373,
        "V_tc": 1.4556462827894985e-05,
        "V_rc": 4.439498499514215e-06
      },
      "objectives": {
        "efficiency": -64.91560271774976,
        "f3": 10000000000.0,
        "flatness": 17.302005295855597
      }
    },
    {
      "rank": 0.8927159714902918,
      "parameters": {
        "throat_area": 0.0001600307709840406,
        "middle_area": 0.036224619859873144,
        "mouth_area": 0.05981087409815691,
        "length1": 0.2690035347185355,
        "length2": 0.599856660498315,
        "V_tc": 1.4976071495781004e-05,
        "V_rc": 4.4160822037033566e-06
      },
      "objectives": {
        "efficiency": -64.87192543663983,
        "f3": 10000000000.0,
        "flatness": 17.243013321537894
      }
    },
    {
      "rank": 0.893284901314944,
      "parameters": {
        "throat_area": 0.00016006150425659045,
        "middle_area": 0.03569109005973208,
        "mouth_area": 0.058972444053660776,
        "length1": 0.27877275539503443,
        "length2": 0.5998593292103089,
        "V_tc": 1.4179269194504332e-05,
        "V_rc": 4.433143646072066e-06
      },
      "objectives": {
        "efficiency": -64.94116555185728,
        "f3": 10000000000.0,
        "flatness": 17.354792955583946
      }
    },
    {
      "rank": 0.8936700861385009,
      "parameters": {
        "throat_area": 0.00016001605943112758,
        "middle_area": 0.035691576491706234,
        "mouth_area": 0.05889963164665526,
        "length1": 0.29398680190332743,
        "length2": 0.5999991478422222,
        "V_tc": 1.4845557871585371e-05,
        "V_rc": 4.411269736099843e-06
      },
      "objectives": {
        "efficiency": -65.03569981926162,
        "f3": 10000000000.0,
        "flatness": 17.504986953078348
      }
    },
    {
      "rank": 0.8943499991255035,
      "parameters": {
        "throat_area": 0.00016006368186444073,
        "middle_area": 0.03536505534827677,
        "mouth_area": 0.05845763665680574,
        "length1": 0.2872728065071439,
        "length2": 0.5999138997177528,
        "V_tc": 1.4923115819064323e-05,
        "V_rc": 4.314220464522872e-06
      },
      "objectives": {
        "efficiency": -64.99919439150334,
        "f3": 10000000000.0,
        "flatness": 17.452108924576304
      }
    },
    {
      "rank": 0.8984988602387027,
      "parameters": {
        "throat_area": 0.0001600022588203709,
        "middle_area": 0.03546376663785872,
        "mouth_area": 0.058524708663078115,
        "length1": 0.25741000011405324,
        "length2": 0.5999944625904992,
        "V_tc": 1.4957367192837205e-05,
        "V_rc": 4.410676626558175e-06
      },
      "objectives": {
        "efficiency": -64.80151829483107,
        "f3": 10000000000.0,
        "flatness": 17.16866246903831
      }
    },
    {
      "rank": 0.8988493650141992,
      "parameters": {
        "throat_area": 0.00016022874961961204,
        "middle_area": 0.036224619859873144,
        "mouth_area": 0.05981087409815691,
        "length1": 0.25250622992974775,
        "length2": 0.5999349733022069,
        "V_tc": 1.4873380458484654e-05,
        "V_rc": 4.440724020838247e-06
      },
      "objectives": {
        "efficiency": -64.75792808120299,
        "f3": 10000000000.0,
        "flatness": 17.102670976448316
      }
    },
    {
      "rank": 0.9039631621406351,
      "parameters": {
        "throat_area": 0.00016014354088511365,
        "middle_area": 0.03575682438082582,
        "mouth_area": 0.05897455268239521,
        "length1": 0.3094713291513955,
        "length2": 0.5997404899504738,
        "V_tc": 1.4988820145617294e-05,
        "V_rc": 4.436831154833618e-06
      },
      "objectives": {
        "efficiency": -65.1043245935032,
        "f3": 10000000000.0,
        "flatness": 17.67589859792407
      }
    },
    {
      "rank": 0.9051666285215272,
      "parameters": {
        "throat_area": 0.00016008577405990883,
        "middle_area": 0.027800099439706023,
        "mouth_area": 0.04584994758453983,
        "length1": 0.32422605248504677,
        "length2": 0.5999881793163977,
        "V_tc": 1.4952060831349217e-05,
        "V_rc": 4.346669750423408e-06
      },
      "objectives": {
        "efficiency": -65.43525726441568,
        "f3": 10000000000.0,
        "flatness": 18.200781571844853
      }
    },
    {
      "rank": 0.905300139150976,
      "parameters": {
        "throat_area": 0.0001600380399298541,
        "middle_area": 0.03598800883302451,
        "mouth_area": 0.059360240526381405,
        "length1": 0.24345312759904336,
        "length2": 0.5999758236041373,
        "V_tc": 1.4309928897929517e-05,
        "V_rc": 4.433847692491756e-06
      },
      "objectives": {
        "efficiency": -64.6921459873562,
        "f3": 10000000000.0,
        "flatness": 17.039679298431263
      }
    }
  ],
  "warnings": []
}